{
    "type": "FeatureCollection",
    "features": [
        {"type":"Feature", "id":"OpenLayers.Feature.Vector_458", "properties":{}, "geometry":{"type":"LineString", "coordinates":[[-121.640625, 24.2578125], [-78.046875, 27.7734375], [-45.703125, 24.9609375], [-13.359375, 16.5234375], [12.65625, 6.6796875], [39.375, 1.0546875], [76.640625, 1.0546875], [108.28125, 1.7578125], [156.09375, 15.8203125]]}, "crs":{"type":"OGC", "properties":{"urn":"urn:ogc:def:crs:OGC:1.3:CRS84"}}},
        {"type":"Feature", "id":"OpenLayers.Feature.Vector_1111", "properties":{}, "geometry":{"type":"LineString", "coordinates":[[-122.34375, -35.5078125], [-48.515625, -33.3984375], [-5.625, -37.6171875], [20.390625, -32.6953125], [69.609375, -34.1015625], [121.640625, -38.3203125], [150.46875, -33.3984375]]}, "crs":{"type":"OGC", "properties":{"urn":"urn:ogc:def:crs:OGC:1.3:CRS84"}}},
        {"type":"Feature", "id":"OpenLayers.Feature.Vector_634", "properties":{}, "geometry":{"type":"LineString", "coordinates":[[-54.84375, 69.9609375], [-56.953125, 31.9921875], [-56.953125, 5.2734375], [-65.390625, -34.8046875], [-66.09375, -61.5234375]]}, "crs":{"type":"OGC", "properties":{"urn":"urn:ogc:def:crs:OGC:1.3:CRS84"}}},
        {"type":"Feature", "id":"OpenLayers.Feature.Vector_820", "properties":{}, "geometry":{"type":"LineString", "coordinates":[[39.375, 58.0078125], [42.890625, 25.6640625], [42.1875, -1.0546875], [37.96875, -50.2734375], [37.265625, -64.3359375]]}, "crs":{"type":"OGC", "properties":{"urn":"urn:ogc:def:crs:OGC:1.3:CRS84"}}},
        {"type":"Feature", "id":"OpenLayers.Feature.Vector_1280", "properties":{}, "geometry":{"type":"LineString", "coordinates":[[101.25, 42.5390625], [106.875, 13.7109375], [106.171875, -17.9296875], [104.765625, -49.5703125], [102.65625, -67.1484375]]}, "crs":{"type":"OGC", "properties":{"urn":"urn:ogc:def:crs:OGC:1.3:CRS84"}}}
    ]
}