{
    "type": "FeatureCollection",
    "features": [
        {"type":"Feature", "id":"OpenLayers.Feature.Vector_1489", "properties":{}, "geometry":{"type":"Polygon", "coordinates":[[[-109.6875, 63.6328125], [-112.5, 35.5078125], [-85.078125, 34.8046875], [-68.90625, 39.7265625], [-68.203125, 67.1484375], [-109.6875, 63.6328125]]]}, "crs":{"type":"OGC", "properties":{"urn":"urn:ogc:def:crs:OGC:1.3:CRS84"}}},
        {"type":"Feature", "id":"OpenLayers.Feature.Vector_1668", "properties":{}, "geometry":{"type":"Polygon", "coordinates":[[[-40.78125, 65.0390625], [-40.078125, 34.8046875], [-12.65625, 25.6640625], [21.09375, 17.2265625], [22.5, 58.0078125], [-40.78125, 65.0390625]]]}, "crs":{"type":"OGC", "properties":{"urn":"urn:ogc:def:crs:OGC:1.3:CRS84"}}}
    ]
}


