<?xml version="1.0" encoding="utf-8"?>
<rss version="2.0" xmlns:media="http://search.yahoo.com/mrss/" xmlns:dc="http://purl.org/dc/elements/1.1/" xmlns:geo="http://www.w3.org/2003/01/geo/wgs84_pos#" xmlns:georss="http://www.georss.org/georss">
  <channel>
    <title>Photos from everyone tagged snowboard and powder, with geodata</title>
    <link>http://www.flickr.com/photos/</link>
    <description><![CDATA[]]></description>
    <pubDate>Sat, 24 Nov 2007 16:25:03 -0800</pubDate>
    <lastBuildDate>Sat, 24 Nov 2007 16:25:03 -0800</lastBuildDate>

    <generator>http://www.flickr.com/</generator>
    <image>
      <url>http://www.flickr.com/images/buddyicon.jpg</url>
      <title>Photos from everyone tagged snowboard and powder, with geodata</title>
      <link>http://www.flickr.com/photos/</link>
    </image>

    <item>
      <title>hofü07_5259</title>
      <link>http://www.flickr.com/photos/-mo-/2061136492/</link>
      <description><![CDATA[
        <p><a href="http://www.flickr.com/people/-mo-/">I - mo - I</a> posted a photo:</p>

        <p><a href="http://www.flickr.com/photos/-mo-/2061136492/" title="hofü07_5259"><img src="http://farm3.static.flickr.com/2303/2061136492_b529e65785_m.jpg" width="240" height="184"
        alt="hofü07_5259" /></a></p>

      ]]></description>
      <pubDate>Sat, 24 Nov 2007 16:25:03 -0800</pubDate>
      <dc:date.Taken>2007-11-17T12:01:18-08:00</dc:date.Taken>
      <author>nobody@flickr.com (I - mo - I)</author>
      <guid isPermaLink="false">tag:flickr.com,2004:/photo/2061136492</guid>
      <georss:point>47.25162 11.754426</georss:point>

      <geo:Point>
        <geo:lat>47.25162</geo:lat>
        <geo:long>11.754426</geo:long>
      </geo:Point>
      <media:content url="http://farm3.static.flickr.com/2303/2061136492_7da2c08df7_o.jpg" type="image/jpeg" height="613" width="800" />
      <media:title>hofü07_5259</media:title>
      <media:text type="html"><![CDATA[
        <p><a href="http://www.flickr.com/people/-mo-/">I - mo - I</a> posted a photo:</p>

        <p><a href="http://www.flickr.com/photos/-mo-/2061136492/" title="hofü07_5259"><img src="http://farm3.static.flickr.com/2303/2061136492_b529e65785_m.jpg" width="240" height="184"
        alt="hofü07_5259" /></a></p>

      ]]></media:text>
      <media:thumbnail url="http://farm3.static.flickr.com/2303/2061136492_b529e65785_s.jpg" height="75" width="75" />
      <media:credit role="photographer">I - mo - I</media:credit>
      <media:category scheme="urn:flickr:tags">sun snow fall fun austria yeah powder snowboard tyrol 2007 hochfügen powderahyeahturn</media:category>

    </item>
    <item>
      <title>First tracks</title>

      <link>http://www.flickr.com/photos/ruthanddave/2046899659/</link>
      <description><![CDATA[
        <p><a href="http://www.flickr.com/people/ruthanddave/">Ruth and Dave</a> posted a photo:</p>

        <p><a href="http://www.flickr.com/photos/ruthanddave/2046899659/" title="First tracks"><img src="http://farm3.static.flickr.com/2207/2046899659_95fa37ae23_m.jpg" width="180"
        height="240" alt="First tracks" /></a></p>

        <p>Not mine, alas.</p>
      ]]></description>
      <pubDate>Mon, 19 Nov 2007 08:20:11 -0800</pubDate>
      <dc:date.Taken>2007-11-18T11:19:50-08:00</dc:date.Taken>
      <author>nobody@flickr.com (Ruth and Dave)</author>
      <guid isPermaLink="false">tag:flickr.com,2004:/photo/2046899659</guid>

      <georss:point>50.107423 -122.899847</georss:point>
      <geo:Point>
        <geo:lat>50.107423</geo:lat>
        <geo:long>-122.899847</geo:long>
      </geo:Point>
      <media:content url="http://farm3.static.flickr.com/2207/2046899659_b4f5485d50_o.jpg" type="image/jpeg" height="3648" width="2736" />
      <media:title>First tracks</media:title>
      <media:text type="html"><![CDATA[
        <p><a href="http://www.flickr.com/people/ruthanddave/">Ruth and Dave</a> posted a photo:</p>

        <p><a href="http://www.flickr.com/photos/ruthanddave/2046899659/" title="First tracks"><img src="http://farm3.static.flickr.com/2207/2046899659_95fa37ae23_m.jpg" width="180"
        height="240" alt="First tracks" /></a></p>

        <p>Not mine, alas.</p>
      ]]></media:text>
      <media:thumbnail url="http://farm3.static.flickr.com/2207/2046899659_95fa37ae23_s.jpg" height="75" width="75" />
      <media:credit role="photographer">Ruth and Dave</media:credit>
      <media:category scheme="urn:flickr:tags">november lines whistler snowboarding tracks peak powder snowboard turns freshies</media:category>

    </item>
    <item>

      <title>Powder turns</title>
      <link>http://www.flickr.com/photos/ruthanddave/2047707124/</link>
      <description><![CDATA[
        <p><a href="http://www.flickr.com/people/ruthanddave/">Ruth and Dave</a> posted a photo:</p>

        <p><a href="http://www.flickr.com/photos/ruthanddave/2047707124/" title="Powder turns"><img src="http://farm3.static.flickr.com/2126/2047707124_2c0e32e014_m.jpg" width="180"
        height="240" alt="Powder turns" /></a></p>

      ]]></description>
      <pubDate>Mon, 19 Nov 2007 08:26:04 -0800</pubDate>
      <dc:date.Taken>2007-11-18T11:19:57-08:00</dc:date.Taken>
      <author>nobody@flickr.com (Ruth and Dave)</author>
      <guid isPermaLink="false">tag:flickr.com,2004:/photo/2047707124</guid>
      <georss:point>50.107423 -122.899847</georss:point>

      <geo:Point>
        <geo:lat>50.107423</geo:lat>
        <geo:long>-122.899847</geo:long>
      </geo:Point>
      <media:content url="http://farm3.static.flickr.com/2126/2047707124_0d458f4c19_o.jpg" type="image/jpeg" height="3648" width="2736" />
      <media:title>Powder turns</media:title>
      <media:text type="html"><![CDATA[
        <p><a href="http://www.flickr.com/people/ruthanddave/">Ruth and Dave</a> posted a photo:</p>

        <p><a href="http://www.flickr.com/photos/ruthanddave/2047707124/" title="Powder turns"><img src="http://farm3.static.flickr.com/2126/2047707124_2c0e32e014_m.jpg" width="180"
        height="240" alt="Powder turns" /></a></p>

      ]]></media:text>
      <media:thumbnail url="http://farm3.static.flickr.com/2126/2047707124_2c0e32e014_s.jpg" height="75" width="75" />
      <media:credit role="photographer">Ruth and Dave</media:credit>
      <media:category scheme="urn:flickr:tags">november face lines whistler snowboarding tracks first peak powder fresh snowboard turns</media:category>

    </item>
    <item>
      <title>Splitboard</title>

      <link>http://www.flickr.com/photos/hamsgod/1330385819/</link>
      <description><![CDATA[
        <p><a href="http://www.flickr.com/people/hamsgod/">@nt!x</a> posted a photo:</p>

        <p><a href="http://www.flickr.com/photos/hamsgod/1330385819/" title="Splitboard"><img src="http://farm2.static.flickr.com/1111/1330385819_8bf66f33be_m.jpg" width="162" height="240"
        alt="Splitboard" /></a></p>

      ]]></description>
      <pubDate>Wed, 5 Sep 2007 09:00:56 -0800</pubDate>
      <dc:date.Taken>2007-03-04T04:40:12-08:00</dc:date.Taken>
      <author>nobody@flickr.com (@nt!x)</author>
      <guid isPermaLink="false">tag:flickr.com,2004:/photo/1330385819</guid>
      <georss:point>41.931831 -111.646049</georss:point>

      <geo:Point>
        <geo:lat>41.931831</geo:lat>
        <geo:long>-111.646049</geo:long>
      </geo:Point>
      <media:content url="http://farm2.static.flickr.com/1111/1330385819_8bf66f33be_m.jpg" type="image/jpeg" height="240" width="162" />
      <media:title>Splitboard</media:title>
      <media:text type="html"><![CDATA[
        <p><a href="http://www.flickr.com/people/hamsgod/">@nt!x</a> posted a photo:</p>

        <p><a href="http://www.flickr.com/photos/hamsgod/1330385819/" title="Splitboard"><img src="http://farm2.static.flickr.com/1111/1330385819_8bf66f33be_m.jpg" width="162" height="240"
        alt="Splitboard" /></a></p>

      ]]></media:text>
      <media:thumbnail url="http://farm2.static.flickr.com/1111/1330385819_8bf66f33be_s.jpg" height="75" width="75" />
      <media:credit role="photographer">@nt!x</media:credit>
      <media:category scheme="urn:flickr:tags">snow mountains snowboarding utah powder yurt snowboard splitboard supershot</media:category>

    </item>
    <item>
      <title>Fresh powder</title>

      <link>http://www.flickr.com/photos/oliver80/1266854486/</link>
      <description><![CDATA[
        <p><a href="http://www.flickr.com/people/oliver80/">Oliver Astrologo</a> posted a photo:</p>

        <p><a href="http://www.flickr.com/photos/oliver80/1266854486/" title="Fresh powder"><img src="http://farm2.static.flickr.com/1310/1266854486_990ef8d68a_m.jpg" width="240" height="160"
        alt="Fresh powder" /></a></p>

      ]]></description>
      <pubDate>Wed, 29 Aug 2007 05:19:36 -0800</pubDate>
      <dc:date.Taken>2007-08-24T10:05:48-08:00</dc:date.Taken>
      <author>nobody@flickr.com (Oliver Astrologo)</author>
      <guid isPermaLink="false">tag:flickr.com,2004:/photo/1266854486</guid>
      <georss:point>46.528236 10.449789</georss:point>

      <geo:Point>
        <geo:lat>46.528236</geo:lat>
        <geo:long>10.449789</geo:long>
      </geo:Point>
      <media:content url="http://farm2.static.flickr.com/1310/1266854486_990ef8d68a_m.jpg" type="image/jpeg" height="160" width="240" />
      <media:title>Fresh powder</media:title>
      <media:text type="html"><![CDATA[
        <p><a href="http://www.flickr.com/people/oliver80/">Oliver Astrologo</a> posted a photo:</p>

        <p><a href="http://www.flickr.com/photos/oliver80/1266854486/" title="Fresh powder"><img src="http://farm2.static.flickr.com/1310/1266854486_990ef8d68a_m.jpg" width="240" height="160"
        alt="Fresh powder" /></a></p>

      ]]></media:text>
      <media:thumbnail url="http://farm2.static.flickr.com/1310/1266854486_990ef8d68a_s.jpg" height="75" width="75" />
      <media:credit role="photographer">Oliver Astrologo</media:credit>
      <media:category scheme="urn:flickr:tags">sky people italy panorama mountain snow alps landscape powder snowboard rider snowboarder passo ghiacciaio stelvio</media:category>

    </item>
    <item>
      <title>Sawatch Range From Vail Pano</title>

      <link>http://www.flickr.com/photos/dman861/498747983/</link>
      <description><![CDATA[
        <p><a href="http://www.flickr.com/people/dman861/">dman861</a> posted a photo:</p>

        <p><a href="http://www.flickr.com/photos/dman861/498747983/" title="Sawatch Range From Vail Pano"><img src="http://farm1.static.flickr.com/202/498747983_0831eb06b6_m.jpg" width="240"
        height="64" alt="Sawatch Range From Vail Pano" /></a></p>

        <p>View near the Eagle's Nest at the top of Eagle Bahn Gondola. Mount of the Holy Cross mountain is visible in this picture but you can't make out the cross shape. I have no idea who the lady is. Handheld panorama, stitch of 5
        photos.</p>
      ]]></description>
      <pubDate>Mon, 14 May 2007 17:05:11 -0800</pubDate>
      <dc:date.Taken>2007-05-14T15:00:27-08:00</dc:date.Taken>
      <author>nobody@flickr.com (dman861)</author>
      <guid isPermaLink="false">tag:flickr.com,2004:/photo/498747983</guid>

      <georss:point>39.617598 -106.386773</georss:point>
      <geo:Point>
        <geo:lat>39.617598</geo:lat>
        <geo:long>-106.386773</geo:long>
      </geo:Point>
      <media:content url="http://farm1.static.flickr.com/202/498747983_2e2ad022e0_o.jpg" type="image/jpeg" height="768" width="2889" />
      <media:title>Sawatch Range From Vail Pano</media:title>
      <media:text type="html"><![CDATA[
        <p><a href="http://www.flickr.com/people/dman861/">dman861</a> posted a photo:</p>

        <p><a href="http://www.flickr.com/photos/dman861/498747983/" title="Sawatch Range From Vail Pano"><img src="http://farm1.static.flickr.com/202/498747983_0831eb06b6_m.jpg" width="240"
        height="64" alt="Sawatch Range From Vail Pano" /></a></p>

        <p>View near the Eagle's Nest at the top of Eagle Bahn Gondola. Mount of the Holy Cross mountain is visible in this picture but you can't make out the cross shape. I have no idea who the lady is. Handheld panorama, stitch of 5
        photos.</p>
      ]]></media:text>
      <media:thumbnail url="http://farm1.static.flickr.com/202/498747983_0831eb06b6_s.jpg" height="75" width="75" />
      <media:credit role="photographer">dman861</media:credit>
      <media:category scheme="urn:flickr:tags">
        trees sky panorama mountain snow ski mountains sport pinetree person photo colorado peak wideangle panoramic powder resort panasonic trail vail snowboard gondola beavercreek range avon mountainrange mountoftheholycross sawatch dmctz3 tz3
      </media:category>

    </item>
    <item>

      <title>Flash Powder</title>
      <link>http://www.flickr.com/photos/eckan/488776800/</link>
      <description><![CDATA[
        <p><a href="http://www.flickr.com/people/eckan/">Erik Eckerström</a> posted a photo:</p>

        <p><a href="http://www.flickr.com/photos/eckan/488776800/" title="Flash Powder"><img src="http://farm1.static.flickr.com/228/488776800_a2b7484210_m.jpg" width="240" height="160"
        alt="Flash Powder" /></a></p>

        <p>Some late night powder in Åre</p>
      ]]></description>
      <pubDate>Mon, 7 May 2007 13:17:48 -0800</pubDate>
      <dc:date.Taken>2007-01-18T15:37:17-08:00</dc:date.Taken>
      <author>nobody@flickr.com (Erik Eckerström)</author>
      <guid isPermaLink="false">tag:flickr.com,2004:/photo/488776800</guid>

      <georss:point>63.409238 13.079953</georss:point>
      <geo:Point>
        <geo:lat>63.409238</geo:lat>
        <geo:long>13.079953</geo:long>
      </geo:Point>
      <media:content url="http://farm1.static.flickr.com/228/488776800_38966d0741_o.jpg" type="image/jpeg" height="2336" width="3504" />
      <media:title>Flash Powder</media:title>
      <media:text type="html"><![CDATA[
        <p><a href="http://www.flickr.com/people/eckan/">Erik Eckerström</a> posted a photo:</p>

        <p><a href="http://www.flickr.com/photos/eckan/488776800/" title="Flash Powder"><img src="http://farm1.static.flickr.com/228/488776800_a2b7484210_m.jpg" width="240" height="160"
        alt="Flash Powder" /></a></p>

        <p>Some late night powder in Åre</p>
      ]]></media:text>
      <media:thumbnail url="http://farm1.static.flickr.com/228/488776800_a2b7484210_s.jpg" height="75" width="75" />
      <media:credit role="photographer">Erik Eckerström</media:credit>
      <media:category scheme="urn:flickr:tags">snow forest canon eos board flash powder snowboard portfolio Åre 30d canon30d canoneos30d are</media:category>

    </item>
    <item>

      <title>Hannes and Reini</title>
      <link>http://www.flickr.com/photos/moschitz/483974969/</link>
      <description><![CDATA[
        <p><a href="http://www.flickr.com/people/moschitz/">martinom</a> posted a photo:</p>

        <p><a href="http://www.flickr.com/photos/moschitz/483974969/" title="Hannes and Reini"><img src="http://farm1.static.flickr.com/230/483974969_6645a1267c_m.jpg" width="240"
        height="180" alt="Hannes and Reini" /></a></p>

      ]]></description>
      <pubDate>Fri, 4 May 2007 08:56:02 -0800</pubDate>
      <dc:date.Taken>2007-03-26T12:17:53-08:00</dc:date.Taken>
      <author>nobody@flickr.com (martinom)</author>
      <guid isPermaLink="false">tag:flickr.com,2004:/photo/483974969</guid>
      <georss:point>47.252086 14.365139</georss:point>

      <geo:Point>
        <geo:lat>47.252086</geo:lat>
        <geo:long>14.365139</geo:long>
      </geo:Point>
      <media:content url="http://farm1.static.flickr.com/230/483974969_ceb3fbf711_o.jpg" type="image/jpeg" height="1200" width="1600" />
      <media:title>Hannes and Reini</media:title>
      <media:text type="html"><![CDATA[
        <p><a href="http://www.flickr.com/people/moschitz/">martinom</a> posted a photo:</p>

        <p><a href="http://www.flickr.com/photos/moschitz/483974969/" title="Hannes and Reini"><img src="http://farm1.static.flickr.com/230/483974969_6645a1267c_m.jpg" width="240"
        height="180" alt="Hannes and Reini" /></a></p>

      ]]></media:text>
      <media:thumbnail url="http://farm1.static.flickr.com/230/483974969_6645a1267c_s.jpg" height="75" width="75" />
      <media:credit role="photographer">martinom</media:credit>
      <media:category scheme="urn:flickr:tags">powder snowboard autoupload obertauern lachtal</media:category>

    </item>
    <item>
      <title>Zehnerkar, Obertauern</title>

      <link>http://www.flickr.com/photos/moschitz/483975805/</link>
      <description><![CDATA[
        <p><a href="http://www.flickr.com/people/moschitz/">martinom</a> posted a photo:</p>

        <p><a href="http://www.flickr.com/photos/moschitz/483975805/" title="Zehnerkar, Obertauern"><img src="http://farm1.static.flickr.com/202/483975805_aae74c0e2d_m.jpg" width="240"
        height="180" alt="Zehnerkar, Obertauern" /></a></p>

      ]]></description>
      <pubDate>Fri, 4 May 2007 08:56:46 -0800</pubDate>
      <dc:date.Taken>2007-03-21T15:56:56-08:00</dc:date.Taken>
      <author>nobody@flickr.com (martinom)</author>
      <guid isPermaLink="false">tag:flickr.com,2004:/photo/483975805</guid>
      <georss:point>47.249698 13.557643</georss:point>

      <geo:Point>
        <geo:lat>47.249698</geo:lat>
        <geo:long>13.557643</geo:long>
      </geo:Point>
      <media:content url="http://farm1.static.flickr.com/202/483975805_b8749393b9_o.jpg" type="image/jpeg" height="1200" width="1600" />
      <media:title>Zehnerkar, Obertauern</media:title>
      <media:text type="html"><![CDATA[
        <p><a href="http://www.flickr.com/people/moschitz/">martinom</a> posted a photo:</p>

        <p><a href="http://www.flickr.com/photos/moschitz/483975805/" title="Zehnerkar, Obertauern"><img src="http://farm1.static.flickr.com/202/483975805_aae74c0e2d_m.jpg" width="240"
        height="180" alt="Zehnerkar, Obertauern" /></a></p>

      ]]></media:text>
      <media:thumbnail url="http://farm1.static.flickr.com/202/483975805_aae74c0e2d_s.jpg" height="75" width="75" />
      <media:credit role="photographer">martinom</media:credit>
      <media:category scheme="urn:flickr:tags">powder snowboard autoupload obertauern lachtal</media:category>

    </item>
    <item>
      <title>Uhh, thats high</title>

      <link>http://www.flickr.com/photos/moschitz/483941044/</link>
      <description><![CDATA[
        <p><a href="http://www.flickr.com/people/moschitz/">martinom</a> posted a photo:</p>

        <p><a href="http://www.flickr.com/photos/moschitz/483941044/" title="Uhh, thats high"><img src="http://farm1.static.flickr.com/179/483941044_11806b381b_m.jpg" width="240" height="180"
        alt="Uhh, thats high" /></a></p>

      ]]></description>
      <pubDate>Fri, 4 May 2007 08:55:25 -0800</pubDate>
      <dc:date.Taken>2007-03-23T11:38:54-08:00</dc:date.Taken>
      <author>nobody@flickr.com (martinom)</author>
      <guid isPermaLink="false">tag:flickr.com,2004:/photo/483941044</guid>
      <georss:point>47.258669 14.359989</georss:point>

      <geo:Point>
        <geo:lat>47.258669</geo:lat>
        <geo:long>14.359989</geo:long>
      </geo:Point>
      <media:content url="http://farm1.static.flickr.com/179/483941044_7b13748500_o.jpg" type="image/jpeg" height="1200" width="1600" />
      <media:title>Uhh, thats high</media:title>
      <media:text type="html"><![CDATA[
        <p><a href="http://www.flickr.com/people/moschitz/">martinom</a> posted a photo:</p>

        <p><a href="http://www.flickr.com/photos/moschitz/483941044/" title="Uhh, thats high"><img src="http://farm1.static.flickr.com/179/483941044_11806b381b_m.jpg" width="240" height="180"
        alt="Uhh, thats high" /></a></p>

      ]]></media:text>
      <media:thumbnail url="http://farm1.static.flickr.com/179/483941044_11806b381b_s.jpg" height="75" width="75" />
      <media:credit role="photographer">martinom</media:credit>
      <media:category scheme="urn:flickr:tags">powder snowboard autoupload obertauern lachtal</media:category>

    </item>
    <item>
      <title>Powder days</title>

      <link>http://www.flickr.com/photos/moschitz/483973863/</link>
      <description><![CDATA[
        <p><a href="http://www.flickr.com/people/moschitz/">martinom</a> posted a photo:</p>

        <p><a href="http://www.flickr.com/photos/moschitz/483973863/" title="Powder days"><img src="http://farm1.static.flickr.com/185/483973863_fdef927258_m.jpg" width="240" height="180"
        alt="Powder days" /></a></p>

      ]]></description>
      <pubDate>Fri, 4 May 2007 08:55:02 -0800</pubDate>
      <dc:date.Taken>2007-03-26T11:25:01-08:00</dc:date.Taken>
      <author>nobody@flickr.com (martinom)</author>
      <guid isPermaLink="false">tag:flickr.com,2004:/photo/483973863</guid>
      <georss:point>47.258669 14.359989</georss:point>

      <geo:Point>
        <geo:lat>47.258669</geo:lat>
        <geo:long>14.359989</geo:long>
      </geo:Point>
      <media:content url="http://farm1.static.flickr.com/185/483973863_3d460e16ac_o.jpg" type="image/jpeg" height="1200" width="1600" />
      <media:title>Powder days</media:title>
      <media:text type="html"><![CDATA[
        <p><a href="http://www.flickr.com/people/moschitz/">martinom</a> posted a photo:</p>

        <p><a href="http://www.flickr.com/photos/moschitz/483973863/" title="Powder days"><img src="http://farm1.static.flickr.com/185/483973863_fdef927258_m.jpg" width="240" height="180"
        alt="Powder days" /></a></p>

      ]]></media:text>
      <media:thumbnail url="http://farm1.static.flickr.com/185/483973863_fdef927258_s.jpg" height="75" width="75" />
      <media:credit role="photographer">martinom</media:credit>
      <media:category scheme="urn:flickr:tags">powder snowboard autoupload obertauern lachtal</media:category>

    </item>
    <item>
      <title>Getting ready</title>

      <link>http://www.flickr.com/photos/moschitz/483940792/</link>
      <description><![CDATA[
        <p><a href="http://www.flickr.com/people/moschitz/">martinom</a> posted a photo:</p>

        <p><a href="http://www.flickr.com/photos/moschitz/483940792/" title="Getting ready"><img src="http://farm1.static.flickr.com/186/483940792_03aa2476e5_m.jpg" width="240" height="180"
        alt="Getting ready" /></a></p>

      ]]></description>
      <pubDate>Fri, 4 May 2007 08:55:14 -0800</pubDate>
      <dc:date.Taken>2007-03-23T11:38:53-08:00</dc:date.Taken>
      <author>nobody@flickr.com (martinom)</author>
      <guid isPermaLink="false">tag:flickr.com,2004:/photo/483940792</guid>
      <georss:point>47.258669 14.359989</georss:point>

      <geo:Point>
        <geo:lat>47.258669</geo:lat>
        <geo:long>14.359989</geo:long>
      </geo:Point>
      <media:content url="http://farm1.static.flickr.com/186/483940792_c6d43a3f38_o.jpg" type="image/jpeg" height="1200" width="1600" />
      <media:title>Getting ready</media:title>
      <media:text type="html"><![CDATA[
        <p><a href="http://www.flickr.com/people/moschitz/">martinom</a> posted a photo:</p>

        <p><a href="http://www.flickr.com/photos/moschitz/483940792/" title="Getting ready"><img src="http://farm1.static.flickr.com/186/483940792_03aa2476e5_m.jpg" width="240" height="180"
        alt="Getting ready" /></a></p>

      ]]></media:text>
      <media:thumbnail url="http://farm1.static.flickr.com/186/483940792_03aa2476e5_s.jpg" height="75" width="75" />
      <media:credit role="photographer">martinom</media:credit>
      <media:category scheme="urn:flickr:tags">powder snowboard autoupload obertauern lachtal</media:category>

    </item>
    <item>
      <title>Going up and getting ready for the descent</title>

      <link>http://www.flickr.com/photos/moschitz/483941528/</link>
      <description><![CDATA[
        <p><a href="http://www.flickr.com/people/moschitz/">martinom</a> posted a photo:</p>

        <p><a href="http://www.flickr.com/photos/moschitz/483941528/" title="Going up and getting ready for the descent"><img src="http://farm1.static.flickr.com/224/483941528_9fba721265_m.jpg"
        width="240" height="180" alt="Going up and getting ready for the descent" /></a></p>

      ]]></description>
      <pubDate>Fri, 4 May 2007 08:55:50 -0800</pubDate>
      <dc:date.Taken>2007-03-26T12:17:17-08:00</dc:date.Taken>
      <author>nobody@flickr.com (martinom)</author>
      <guid isPermaLink="false">tag:flickr.com,2004:/photo/483941528</guid>
      <georss:point>47.258669 14.359989</georss:point>

      <geo:Point>
        <geo:lat>47.258669</geo:lat>
        <geo:long>14.359989</geo:long>
      </geo:Point>
      <media:content url="http://farm1.static.flickr.com/224/483941528_c92ea73dea_o.jpg" type="image/jpeg" height="1200" width="1600" />
      <media:title>Going up and getting ready for the descent</media:title>
      <media:text type="html"><![CDATA[
        <p><a href="http://www.flickr.com/people/moschitz/">martinom</a> posted a photo:</p>

        <p><a href="http://www.flickr.com/photos/moschitz/483941528/" title="Going up and getting ready for the descent"><img src="http://farm1.static.flickr.com/224/483941528_9fba721265_m.jpg"
        width="240" height="180" alt="Going up and getting ready for the descent" /></a></p>

      ]]></media:text>
      <media:thumbnail url="http://farm1.static.flickr.com/224/483941528_9fba721265_s.jpg" height="75" width="75" />
      <media:credit role="photographer">martinom</media:credit>
      <media:category scheme="urn:flickr:tags">powder snowboard autoupload obertauern lachtal</media:category>

    </item>
    <item>
      <title>I made it!</title>

      <link>http://www.flickr.com/photos/moschitz/483941314/</link>
      <description><![CDATA[
        <p><a href="http://www.flickr.com/people/moschitz/">martinom</a> posted a photo:</p>

        <p><a href="http://www.flickr.com/photos/moschitz/483941314/" title="I made it!"><img src="http://farm1.static.flickr.com/196/483941314_84884b47de_m.jpg" width="240" height="180"
        alt="I made it!" /></a></p>

      ]]></description>
      <pubDate>Fri, 4 May 2007 08:55:39 -0800</pubDate>
      <dc:date.Taken>2007-03-23T11:38:54-08:00</dc:date.Taken>
      <author>nobody@flickr.com (martinom)</author>
      <guid isPermaLink="false">tag:flickr.com,2004:/photo/483941314</guid>
      <georss:point>47.258669 14.359989</georss:point>

      <geo:Point>
        <geo:lat>47.258669</geo:lat>
        <geo:long>14.359989</geo:long>
      </geo:Point>
      <media:content url="http://farm1.static.flickr.com/196/483941314_6d08f6e97b_o.jpg" type="image/jpeg" height="1200" width="1600" />
      <media:title>I made it!</media:title>
      <media:text type="html"><![CDATA[
        <p><a href="http://www.flickr.com/people/moschitz/">martinom</a> posted a photo:</p>

        <p><a href="http://www.flickr.com/photos/moschitz/483941314/" title="I made it!"><img src="http://farm1.static.flickr.com/196/483941314_84884b47de_m.jpg" width="240" height="180"
        alt="I made it!" /></a></p>

      ]]></media:text>
      <media:thumbnail url="http://farm1.static.flickr.com/196/483941314_84884b47de_s.jpg" height="75" width="75" />
      <media:credit role="photographer">martinom</media:credit>
      <media:category scheme="urn:flickr:tags">powder snowboard autoupload obertauern lachtal</media:category>

    </item>
    <item>
      <title>Reini and me</title>

      <link>http://www.flickr.com/photos/moschitz/483942166/</link>
      <description><![CDATA[
        <p><a href="http://www.flickr.com/people/moschitz/">martinom</a> posted a photo:</p>

        <p><a href="http://www.flickr.com/photos/moschitz/483942166/" title="Reini and me"><img src="http://farm1.static.flickr.com/167/483942166_ab3470e411_m.jpg" width="240" height="180"
        alt="Reini and me" /></a></p>

      ]]></description>
      <pubDate>Fri, 4 May 2007 08:56:24 -0800</pubDate>
      <dc:date.Taken>2007-03-21T15:45:38-08:00</dc:date.Taken>
      <author>nobody@flickr.com (martinom)</author>
      <guid isPermaLink="false">tag:flickr.com,2004:/photo/483942166</guid>
      <georss:point>47.249698 13.557643</georss:point>

      <geo:Point>
        <geo:lat>47.249698</geo:lat>
        <geo:long>13.557643</geo:long>
      </geo:Point>
      <media:content url="http://farm1.static.flickr.com/167/483942166_ea09729354_o.jpg" type="image/jpeg" height="1200" width="1600" />
      <media:title>Reini and me</media:title>
      <media:text type="html"><![CDATA[
        <p><a href="http://www.flickr.com/people/moschitz/">martinom</a> posted a photo:</p>

        <p><a href="http://www.flickr.com/photos/moschitz/483942166/" title="Reini and me"><img src="http://farm1.static.flickr.com/167/483942166_ab3470e411_m.jpg" width="240" height="180"
        alt="Reini and me" /></a></p>

      ]]></media:text>
      <media:thumbnail url="http://farm1.static.flickr.com/167/483942166_ab3470e411_s.jpg" height="75" width="75" />
      <media:credit role="photographer">martinom</media:credit>
      <media:category scheme="urn:flickr:tags">powder snowboard autoupload obertauern lachtal</media:category>

    </item>
    <item>
      <title>Obertauern</title>

      <link>http://www.flickr.com/photos/moschitz/483976145/</link>
      <description><![CDATA[
        <p><a href="http://www.flickr.com/people/moschitz/">martinom</a> posted a photo:</p>

        <p><a href="http://www.flickr.com/photos/moschitz/483976145/" title="Obertauern"><img src="http://farm1.static.flickr.com/174/483976145_3817dac9dc_m.jpg" width="240" height="180"
        alt="Obertauern" /></a></p>

      ]]></description>
      <pubDate>Fri, 4 May 2007 08:57:04 -0800</pubDate>
      <dc:date.Taken>2007-03-21T15:48:01-08:00</dc:date.Taken>
      <author>nobody@flickr.com (martinom)</author>
      <guid isPermaLink="false">tag:flickr.com,2004:/photo/483976145</guid>
      <georss:point>47.249698 13.557643</georss:point>

      <geo:Point>
        <geo:lat>47.249698</geo:lat>
        <geo:long>13.557643</geo:long>
      </geo:Point>
      <media:content url="http://farm1.static.flickr.com/174/483976145_a40e67f8e4_o.jpg" type="image/jpeg" height="1200" width="1600" />
      <media:title>Obertauern</media:title>
      <media:text type="html"><![CDATA[
        <p><a href="http://www.flickr.com/people/moschitz/">martinom</a> posted a photo:</p>

        <p><a href="http://www.flickr.com/photos/moschitz/483976145/" title="Obertauern"><img src="http://farm1.static.flickr.com/174/483976145_3817dac9dc_m.jpg" width="240" height="180"
        alt="Obertauern" /></a></p>

      ]]></media:text>
      <media:thumbnail url="http://farm1.static.flickr.com/174/483976145_3817dac9dc_s.jpg" height="75" width="75" />
      <media:credit role="photographer">martinom</media:credit>
      <media:category scheme="urn:flickr:tags">powder snowboard autoupload obertauern lachtal</media:category>

    </item>
    <item>
      <title>Ross Fall Line 2</title>

      <link>http://www.flickr.com/photos/pwadsworth/480290173/</link>
      <description><![CDATA[
        <p><a href="http://www.flickr.com/people/pwadsworth/">phwadsworth</a> posted a photo:</p>

        <p><a href="http://www.flickr.com/photos/pwadsworth/480290173/" title="Ross Fall Line 2"><img src="http://farm1.static.flickr.com/230/480290173_92696d207c_m.jpg" width="182"
        height="240" alt="Ross Fall Line 2" /></a></p>

      ]]></description>
      <pubDate>Tue, 1 May 2007 12:02:23 -0800</pubDate>
      <dc:date.Taken>2007-05-01T15:02:23-08:00</dc:date.Taken>
      <author>nobody@flickr.com (phwadsworth)</author>
      <guid isPermaLink="false">tag:flickr.com,2004:/photo/480290173</guid>
      <georss:point>44.196728 -72.926688</georss:point>

      <geo:Point>
        <geo:lat>44.196728</geo:lat>
        <geo:long>-72.926688</geo:long>
      </geo:Point>
      <media:content url="http://farm1.static.flickr.com/230/480290173_5b8ebaf718_o.jpg" type="image/jpeg" height="793" width="600" />
      <media:title>Ross Fall Line 2</media:title>
      <media:text type="html"><![CDATA[
        <p><a href="http://www.flickr.com/people/pwadsworth/">phwadsworth</a> posted a photo:</p>

        <p><a href="http://www.flickr.com/photos/pwadsworth/480290173/" title="Ross Fall Line 2"><img src="http://farm1.static.flickr.com/230/480290173_92696d207c_m.jpg" width="182"
        height="240" alt="Ross Fall Line 2" /></a></p>

      ]]></media:text>
      <media:thumbnail url="http://farm1.static.flickr.com/230/480290173_92696d207c_s.jpg" height="75" width="75" />
      <media:credit role="photographer">phwadsworth</media:credit>
      <media:category scheme="urn:flickr:tags">ski river geotagged powder glen snowboard mad vt mrg vemont</media:category>

    </item>
    <item>
      <title>Ross Fall Line 1</title>

      <link>http://www.flickr.com/photos/pwadsworth/480290169/</link>
      <description><![CDATA[
        <p><a href="http://www.flickr.com/people/pwadsworth/">phwadsworth</a> posted a photo:</p>

        <p><a href="http://www.flickr.com/photos/pwadsworth/480290169/" title="Ross Fall Line 1"><img src="http://farm1.static.flickr.com/218/480290169_35b0301cb4_m.jpg" width="150"
        height="240" alt="Ross Fall Line 1" /></a></p>

      ]]></description>
      <pubDate>Tue, 1 May 2007 12:02:23 -0800</pubDate>
      <dc:date.Taken>2007-05-01T15:02:23-08:00</dc:date.Taken>
      <author>nobody@flickr.com (phwadsworth)</author>
      <guid isPermaLink="false">tag:flickr.com,2004:/photo/480290169</guid>
      <georss:point>44.196728 -72.926688</georss:point>

      <geo:Point>
        <geo:lat>44.196728</geo:lat>
        <geo:long>-72.926688</geo:long>
      </geo:Point>
      <media:content url="http://farm1.static.flickr.com/218/480290169_bd54859899_o.jpg" type="image/jpeg" height="959" width="600" />
      <media:title>Ross Fall Line 1</media:title>
      <media:text type="html"><![CDATA[
        <p><a href="http://www.flickr.com/people/pwadsworth/">phwadsworth</a> posted a photo:</p>

        <p><a href="http://www.flickr.com/photos/pwadsworth/480290169/" title="Ross Fall Line 1"><img src="http://farm1.static.flickr.com/218/480290169_35b0301cb4_m.jpg" width="150"
        height="240" alt="Ross Fall Line 1" /></a></p>

      ]]></media:text>
      <media:thumbnail url="http://farm1.static.flickr.com/218/480290169_35b0301cb4_s.jpg" height="75" width="75" />
      <media:credit role="photographer">phwadsworth</media:credit>
      <media:category scheme="urn:flickr:tags">ski river geotagged powder glen snowboard mad vt mrg vemont</media:category>

    </item>
    <item>
      <title>IMGP0575</title>

      <link>http://www.flickr.com/photos/beppoegeppa/471446918/</link>
      <description><![CDATA[
        <p><a href="http://www.flickr.com/people/beppoegeppa/">beppovox</a> posted a photo:</p>

        <p><a href="http://www.flickr.com/photos/beppoegeppa/471446918/" title="IMGP0575"><img src="http://farm1.static.flickr.com/169/471446918_fa54874333_m.jpg" width="240" height="180"
        alt="IMGP0575" /></a></p>

      ]]></description>
      <pubDate>Tue, 24 Apr 2007 10:32:41 -0800</pubDate>
      <dc:date.Taken>2003-12-29T11:07:29-08:00</dc:date.Taken>
      <author>nobody@flickr.com (beppovox)</author>
      <guid isPermaLink="false">tag:flickr.com,2004:/photo/471446918</guid>
      <georss:point>45.082308 6.761913</georss:point>

      <geo:Point>
        <geo:lat>45.082308</geo:lat>
        <geo:long>6.761913</geo:long>
      </geo:Point>
      <media:content url="http://farm1.static.flickr.com/169/471446918_f199685d82_o.jpg" type="image/jpeg" height="1944" width="2592" />
      <media:title>IMGP0575</media:title>
      <media:text type="html"><![CDATA[
        <p><a href="http://www.flickr.com/people/beppoegeppa/">beppovox</a> posted a photo:</p>

        <p><a href="http://www.flickr.com/photos/beppoegeppa/471446918/" title="IMGP0575"><img src="http://farm1.static.flickr.com/169/471446918_fa54874333_m.jpg" width="240" height="180"
        alt="IMGP0575" /></a></p>

      ]]></media:text>
      <media:thumbnail url="http://farm1.static.flickr.com/169/471446918_fa54874333_s.jpg" height="75" width="75" />
      <media:credit role="photographer">beppovox</media:credit>
      <media:category scheme="urn:flickr:tags">geotagged free powder snowboard freeride jafferau</media:category>

    </item>
    <item>
      <title>Slopes</title>

      <link>http://www.flickr.com/photos/blupic/469735045/</link>
      <description><![CDATA[
        <p><a href="http://www.flickr.com/people/blupic/">blupic.com</a> posted a photo:</p>

        <p><a href="http://www.flickr.com/photos/blupic/469735045/" title="Slopes"><img src="http://farm1.static.flickr.com/203/469735045_e035c04ab2_m.jpg" width="240" height="160"
        alt="Slopes" /></a></p>

        <p>One day...</p>
      ]]></description>
      <pubDate>Mon, 23 Apr 2007 02:48:17 -0800</pubDate>
      <dc:date.Taken>2007-03-31T17:31:13-08:00</dc:date.Taken>
      <author>nobody@flickr.com (blupic.com)</author>
      <guid isPermaLink="false">tag:flickr.com,2004:/photo/469735045</guid>

      <georss:point>50.111882 -122.939436</georss:point>
      <geo:Point>
        <geo:lat>50.111882</geo:lat>
        <geo:long>-122.939436</geo:long>
      </geo:Point>
      <media:content url="http://farm1.static.flickr.com/203/469735045_e035c04ab2_m.jpg" type="image/jpeg" height="160" width="240" />
      <media:title>Slopes</media:title>
      <media:text type="html"><![CDATA[
        <p><a href="http://www.flickr.com/people/blupic/">blupic.com</a> posted a photo:</p>

        <p><a href="http://www.flickr.com/photos/blupic/469735045/" title="Slopes"><img src="http://farm1.static.flickr.com/203/469735045_e035c04ab2_m.jpg" width="240" height="160"
        alt="Slopes" /></a></p>

        <p>One day...</p>
      ]]></media:text>
      <media:thumbnail url="http://farm1.static.flickr.com/203/469735045_e035c04ab2_s.jpg" height="75" width="75" />
      <media:credit role="photographer">blupic.com</media:credit>
      <media:category scheme="urn:flickr:tags">blue winter sky mountain snow canada ski nature vancouver whistler nikon skiing d70 peak columbia powder 1870mmf3545g snowboard british blackcomb mogul</media:category>

    </item>

  </channel>
</rss>