<?xml version="1.0" encoding="ISO-8859-1"?>
<wfs:FeatureCollection xmlns:ms="http://mapserver.gis.umn.edu/mapserver" xmlns:wfs="http://www.opengis.net/wfs" xmlns:gml="http://www.opengis.net/gml" xmlns:ogc="http://www.opengis.net/ogc" xmlns:xsi="http://www.w3.org/2001/XMLSchema-instance" xsi:schemaLocation="http://www.opengis.net/wfs http://schemas.opengis.net/wfs/1.0.0/WFS-basic.xsd                         http://mapserver.gis.umn.edu/mapserver http://aneto.oco/cgi-bin/worldwfs?SERVICE=WFS&amp;VERSION=1.0.0&amp;REQUEST=DescribeFeatureType&amp;TYPENAME=multipolygon&amp;OUTPUTFORMAT=XMLSCHEMA">
      <gml:boundedBy>
      	<gml:Box srsName="EPSG:4326">
      		<gml:coordinates>-1.738295,46.307557 3.754424,47.244300</gml:coordinates>
      	</gml:Box>
      </gml:boundedBy>
    <gml:featureMember>
      <ms:multipolygon fid="1">
        <gml:boundedBy>
        	<gml:Box srsName="EPSG:4326">
        		<gml:coordinates>-1.738295,46.605612 1.767394,47.244300</gml:coordinates>
        	</gml:Box>
        </gml:boundedBy>
        <ms:msGeometry>
        <gml:MultiPolygon srsName="EPSG:4326">
        <gml:polygonMember>
          <gml:Polygon>
            <gml:outerBoundaryIs>
              <gml:LinearRing>
                <gml:coordinates>1.313216,46.690770 1.000968,46.861087 0.887424,47.059790 1.142899,47.244300 1.355795,47.244300 1.554498,47.017211 1.710622,47.059790 1.767394,46.747542 1.313216,46.690770 1.313216,46.690770 </gml:coordinates>
              </gml:LinearRing>
            </gml:outerBoundaryIs>
          </gml:Polygon>
        </gml:polygonMember>
        <gml:polygonMember>
          <gml:Polygon>
            <gml:outerBoundaryIs>
              <gml:LinearRing>
                <gml:coordinates>0.731300,46.605612 -0.191250,46.704963 -0.191250,46.846894 0.177770,46.988824 0.447438,46.960438 0.589369,46.804315 0.688721,46.832701 0.731300,46.605612 0.731300,46.605612 </gml:coordinates>
              </gml:LinearRing>
            </gml:outerBoundaryIs>
          </gml:Polygon>
        </gml:polygonMember>
        <gml:polygonMember>
          <gml:Polygon>
            <gml:outerBoundaryIs>
              <gml:LinearRing>
                <gml:coordinates>-1.610557,46.733349 -1.184765,46.704963 -1.198958,46.704963 -0.943483,46.619805 -0.915096,46.818508 -0.659621,46.775928 -0.688007,47.017211 -0.943483,47.003018 -1.127992,47.088176 -1.397661,47.102369 -1.624750,47.073983 -1.738295,46.917859 -1.610557,46.733349 </gml:coordinates>
              </gml:LinearRing>
            </gml:outerBoundaryIs>
          </gml:Polygon>
        </gml:polygonMember>
        </gml:MultiPolygon>
        </ms:msGeometry>
        <ms:ogc_fid>1</ms:ogc_fid>
        <ms:name>My first Multipolygon</ms:name>
        <ms:id>0</ms:id>
      </ms:multipolygon>
    </gml:featureMember>
    <gml:featureMember>
      <ms:multipolygon fid="2">
        <gml:boundedBy>
        	<gml:Box srsName="EPSG:4326">
        		<gml:coordinates>2.789295,46.392716 3.754424,46.903666</gml:coordinates>
        	</gml:Box>
        </gml:boundedBy>
        <ms:msGeometry>
        <gml:Polygon srsName="EPSG:4326">
          <gml:outerBoundaryIs>
            <gml:LinearRing>
              <gml:coordinates>2.959612,46.392716 2.789295,46.775928 3.172508,46.903666 3.498949,46.903666 3.498949,46.662384 3.754424,46.563032 2.959612,46.392716 </gml:coordinates>
            </gml:LinearRing>
          </gml:outerBoundaryIs>
        </gml:Polygon>
        </ms:msGeometry>
        <ms:ogc_fid>2</ms:ogc_fid>
        <ms:name>My second Multipolygon</ms:name>
        <ms:id>0</ms:id>
      </ms:multipolygon>
    </gml:featureMember>
    <gml:featureMember>
      <ms:multipolygon fid="3">
        <gml:boundedBy>
        	<gml:Box srsName="EPSG:4326">
        		<gml:coordinates>2.207379,46.307557 2.803488,47.045597</gml:coordinates>
        	</gml:Box>
        </gml:boundedBy>
        <ms:msGeometry>
        <gml:MultiPolygon srsName="EPSG:4326">
        <gml:polygonMember>
          <gml:Polygon>
            <gml:outerBoundaryIs>
              <gml:LinearRing>
                <gml:coordinates>2.292538,46.804315 2.207379,47.017211 2.391889,47.045597 2.562206,46.832701 2.292538,46.804315 </gml:coordinates>
              </gml:LinearRing>
            </gml:outerBoundaryIs>
          </gml:Polygon>
        </gml:polygonMember>
        <gml:polygonMember>
          <gml:Polygon>
            <gml:outerBoundaryIs>
              <gml:LinearRing>
                <gml:coordinates>2.789295,46.307557 2.789295,46.307557 2.803488,46.506260 2.618978,46.676577 2.349310,46.633998 2.448661,46.392716 2.789295,46.307557 </gml:coordinates>
              </gml:LinearRing>
            </gml:outerBoundaryIs>
          </gml:Polygon>
        </gml:polygonMember>
        </gml:MultiPolygon>
        </ms:msGeometry>
        <ms:ogc_fid>3</ms:ogc_fid>
        <ms:name>My third Multipolygon</ms:name>
        <ms:id>0</ms:id>
      </ms:multipolygon>
    </gml:featureMember>
</wfs:FeatureCollection>