<?xml version="1.0" encoding="ISO-8859-1"?>
<wfs:FeatureCollection xmlns:ms="http://mapserver.gis.umn.edu/mapserver" xmlns:wfs="http://www.opengis.net/wfs" xmlns:gml="http://www.opengis.net/gml" xmlns:ogc="http://www.opengis.net/ogc" xmlns:xsi="http://www.w3.org/2001/XMLSchema-instance" xsi:schemaLocation="http://www.opengis.net/wfs http://schemas.opengis.net/wfs/1.0.0/WFS-basic.xsd                         http://mapserver.gis.umn.edu/mapserver http://aneto.oco/cgi-bin/worldwfs?SERVICE=WFS&amp;VERSION=1.0.0&amp;REQUEST=DescribeFeatureType&amp;TYPENAME=point&amp;OUTPUTFORMAT=XMLSCHEMA">
      <gml:boundedBy>
      	<gml:Box srsName="EPSG:4326">
      		<gml:coordinates>-0.608315,44.857522 -0.021418,45.477577</gml:coordinates>
      	</gml:Box>
      </gml:boundedBy>
    <gml:featureMember>
      <ms:point fid="1">
        <gml:boundedBy>
        	<gml:Box srsName="EPSG:4326">
        		<gml:coordinates>-0.608315,44.857522 -0.608315,44.857522</gml:coordinates>
        	</gml:Box>
        </gml:boundedBy>
        <ms:msGeometry>
        <gml:Point srsName="EPSG:4326">
          <gml:coordinates>-0.608315,44.857522</gml:coordinates>
        </gml:Point>
        </ms:msGeometry>
        <ms:ogc_fid>1</ms:ogc_fid>
        <ms:name>Bordeaux</ms:name>
        <ms:id>124</ms:id>
      </ms:point>
    </gml:featureMember>
    <gml:featureMember>
      <ms:point fid="2">
        <gml:boundedBy>
        	<gml:Box srsName="EPSG:4326">
        		<gml:coordinates>-0.021418,45.477577 -0.021418,45.477577</gml:coordinates>
        	</gml:Box>
        </gml:boundedBy>
        <ms:msGeometry>
        <gml:Point srsName="EPSG:4326">
          <gml:coordinates>-0.021418,45.477577</gml:coordinates>
        </gml:Point>
        </ms:msGeometry>
        <ms:ogc_fid>2</ms:ogc_fid>
        <ms:name>Barbezieux</ms:name>
        <ms:id>0</ms:id>
      </ms:point>
    </gml:featureMember>
</wfs:FeatureCollection>