<?xml version="1.0" encoding="UTF-8"?>
<wfs:FeatureCollection xmlns:wfs="http://www.opengis.net/wfs" xmlns:topp="http://www.openplans.org/topp" xmlns:gml="http://www.opengis.net/gml" xmlns:xsi="http://www.w3.org/2001/XMLSchema-instance" xsi:schemaLocation="http://www.openplans.org/topp http://192.168.0.100:8080/geoserver-1.4.0-RC3/wfs/DescribeFeatureType?typeName=topp:tasmania_state_boundaries http://www.opengis.net/wfs http://192.168.0.100:8080/geoserver-1.4.0-RC3/schemas/wfs/1.0.0/WFS-basic.xsd">
  <gml:boundedBy>
    <gml:Box srsName="http://www.opengis.net/gml/srs/epsg.xml#4326">
      <gml:coordinates xmlns:gml="http://www.opengis.net/gml" decimal="." cs="," ts=" ">143.834824,-43.648056 148.479141,-39.573891</gml:coordinates>
    </gml:Box>
  </gml:boundedBy>
  <gml:featureMember>
    <topp:tasmania_state_boundaries fid="tasmania_state_boundaries.1">
      <topp:the_geom>
        <gml:MultiPolygon srsName="http://www.opengis.net/gml/srs/epsg.xml#4326">
          <gml:polygonMember>
            <gml:Polygon>
              <gml:outerBoundaryIs>
                <gml:LinearRing>
                  <gml:coordinates xmlns:gml="http://www.opengis.net/gml" decimal="." cs="," ts=" ">148.01416,-42.753059 148.009979,-42.73111 148.011108,-42.652222 148.012634,-42.628613 148.018738,-42.61972 148.076492,-42.586945 148.128006,-42.590275 148.172897,-42.655277 148.168167,-42.665554 148.154984,-42.668888 148.097748,-42.666107 148.041656,-42.732216 148.01416,-42.753059</gml:coordinates>
                </gml:LinearRing>
              </gml:outerBoundaryIs>
            </gml:Polygon>
          </gml:polygonMember>
          <gml:polygonMember>
            <gml:Polygon>
              <gml:outerBoundaryIs>
                <gml:LinearRing>
                  <gml:coordinates xmlns:gml="http://www.opengis.net/gml" decimal="." cs="," ts=" ">147.361633,-43.263062 147.29303,-43.157082 147.329132,-43.102638 147.357178,-43.075005 147.396515,-43.11972 147.431641,-43.213886 147.432739,-43.241943 147.429688,-43.253616 147.361633,-43.263062</gml:coordinates>
                </gml:LinearRing>
              </gml:outerBoundaryIs>
            </gml:Polygon>
          </gml:polygonMember>
          <gml:polygonMember>
            <gml:Polygon>
              <gml:outerBoundaryIs>
                <gml:LinearRing>
                  <gml:coordinates xmlns:gml="http://www.opengis.net/gml" decimal="." cs="," ts=" ">148.128845,-40.274445 148.115234,-40.271667 148.101074,-40.26722 148.064423,-40.253891 148.049133,-40.245552 148.038589,-40.236248 148.013184,-40.161388 148.018311,-40.140209 147.90387,-39.975555 147.809616,-39.913815 147.773865,-39.894722 147.760742,-39.877983 147.783875,-39.850281 147.881897,-39.754173 147.925812,-39.737503 147.967743,-39.725555 147.971069,-39.736389 147.978302,-39.74472 148.069427,-39.83889 148.165527,-39.929443 148.174408,-39.936111 148.186783,-39.944443 148.202759,-39.950279 148.243851,-39.962082 148.279419,-39.965836 148.288025,-39.99472 148.335236,-40.192223 148.33136,-40.219166 148.32135,-40.231941 148.303314,-40.239025 148.17746,-40.25695 148.128845,-40.274445</gml:coordinates>
                </gml:LinearRing>
              </gml:outerBoundaryIs>
            </gml:Polygon>
          </gml:polygonMember>
          <gml:polygonMember>
            <gml:Polygon>
              <gml:outerBoundaryIs>
                <gml:LinearRing>
                  <gml:coordinates xmlns:gml="http://www.opengis.net/gml" decimal="." cs="," ts=" ">148.339142,-40.503334 148.339691,-40.466942 148.33609,-40.45472 148.329971,-40.442917 148.318298,-40.435272 148.292206,-40.434441 148.129944,-40.44722 148.114685,-40.448883 148.103851,-40.454445 148.086639,-40.458057 148.068573,-40.45472 147.99704,-40.428196 147.993561,-40.417084 147.995514,-40.40139 147.998566,-40.389725 148.008041,-40.379162 148.065247,-40.348194 148.083588,-40.344719 148.099121,-40.34333 148.116913,-40.343613 148.133026,-40.345001 148.148315,-40.347221 148.187744,-40.362503 148.202606,-40.361252 148.288025,-40.324722 148.308868,-40.314163 148.329132,-40.305138 148.343018,-40.306664 148.354675,-40.315552 148.479141,-40.430695 148.477188,-40.441387 148.463226,-40.442081 148.407608,-40.461945 148.358307,-40.490555 148.339142,-40.503334</gml:coordinates>
                </gml:LinearRing>
              </gml:outerBoundaryIs>
            </gml:Polygon>
          </gml:polygonMember>
          <gml:polygonMember>
            <gml:Polygon>
              <gml:outerBoundaryIs>
                <gml:LinearRing>
                  <gml:coordinates xmlns:gml="http://www.opengis.net/gml" decimal="." cs="," ts=" ">147.302765,-43.513336 147.239136,-43.491669 147.175537,-43.501671 147.123016,-43.421944 147.190247,-43.354446 147.289566,-43.26403 147.300262,-43.262779 147.307739,-43.270279 147.362457,-43.374168 147.36496,-43.385834 147.362732,-43.398056 147.320663,-43.502918 147.310516,-43.511948 147.302765,-43.513336</gml:coordinates>
                </gml:LinearRing>
              </gml:outerBoundaryIs>
            </gml:Polygon>
          </gml:polygonMember>
          <gml:polygonMember>
            <gml:Polygon>
              <gml:outerBoundaryIs>
                <gml:LinearRing>
                  <gml:coordinates xmlns:gml="http://www.opengis.net/gml" decimal="." cs="," ts=" ">144.888885,-40.729439 144.878571,-40.726246 144.870941,-40.71944 144.865936,-40.671116 144.926224,-40.617222 144.993286,-40.666664 145.016083,-40.695549 144.926361,-40.722496 144.888885,-40.729439</gml:coordinates>
                </gml:LinearRing>
              </gml:outerBoundaryIs>
            </gml:Polygon>
          </gml:polygonMember>
          <gml:polygonMember>
            <gml:Polygon>
              <gml:outerBoundaryIs>
                <gml:LinearRing>
                  <gml:coordinates xmlns:gml="http://www.opengis.net/gml" decimal="." cs="," ts=" ">146.916702,-43.617844 146.863281,-43.636391 146.833588,-43.648056 146.81517,-43.617912 146.770401,-43.610695 146.686371,-43.603333 146.599548,-43.55611 146.514435,-43.542778 146.296082,-43.534729 146.275177,-43.52375 146.260269,-43.49514 146.231476,-43.488888 146.110367,-43.515423 146.0383,-43.498055 145.932678,-43.376316 145.991913,-43.345833 146.1026,-43.357918 146.156647,-43.379723 146.232529,-43.390972 146.234543,-43.325142 146.163239,-43.28236 146.139709,-43.31472 146.12468,-43.333332 145.858856,-43.30875 145.836914,-43.297226 145.758881,-43.184441 145.726898,-43.133331 145.595245,-42.979164 145.573776,-42.963818 145.54747,-42.961391 145.511581,-42.965656 145.459686,-42.904442 145.423157,-42.846664 145.397766,-42.775558 145.353851,-42.658535 145.310516,-42.623611 145.259979,-42.612431 145.231354,-42.45639 145.197617,-42.313473 145.205231,-42.25695 145.223846,-42.239166 145.250107,-42.27486 145.323029,-42.32 145.378021,-42.349167 145.426361,-42.37458 145.439758,-42.398746 145.445663,-42.457359 145.459061,-42.505627 145.469421,-42.523056 145.47525,-42.520279 145.552048,-42.351109 145.49968,-42.323475 145.458313,-42.326393 145.280273,-42.181114 145.260681,-42.139999 145.265121,-42.111389 145.262772,-42.080002 145.247879,-42.034863 145.184555,-41.938332 145.054962,-41.846664 144.954956,-41.713333 144.858582,-41.544449 144.781647,-41.390556 144.731628,-41.306107 144.685791,-41.216595 144.695389,-41.18111 144.667755,-41.075211 144.653595,-41.046951 144.637207,-41.031944 144.618713,-40.93111 144.648865,-40.901245 144.680664,-40.896114 144.699692,-40.875484 144.708588,-40.825562 144.701355,-40.759171 144.762207,-40.72805 144.985992,-40.74868 145.036102,-40.779167 145.080383,-40.810276 145.116348,-40.822365 145.274994,-40.80278 145.335663,-40.842079 145.539154,-40.892776 145.751373,-40.987778 145.872192,-41.042778 146.169434,-41.149994 146.193176,-41.15694 146.229126,-41.160553 146.36969,-41.170837 146.405411,-41.171669 146.450378,-41.16486 146.499146,-41.150139 146.564697,-41.175278 146.58609,-41.186661 146.581909,-41.151527 146.660385,-41.088749 146.731491,-41.069725 146.76416,-41.073059 146.784409,-41.082291 146.801086,-41.107506 146.806458,-41.148365 146.859131,-41.168335 146.94281,-41.166874 146.912964,-41.134789 146.879837,-41.126804 146.843018,-41.123055 146.823013,-41.108124 146.818726,-41.059792 146.86377,-41.028404 147.017059,-40.976109 147.08609,-40.991943 147.105804,-40.99778 147.124664,-41.005005 147.147354,-41.008892 147.171783,-41.008892 147.199127,-41.002228 147.356079,-40.976387 147.416504,-41.017776 147.461914,-41.001396 147.488373,-40.984997 147.517487,-40.953331 147.541656,-40.924171 147.573166,-40.879028 147.589127,-40.853058 147.611618,-40.842358 147.674835,-40.830837 147.698792,-40.857361 147.803162,-40.89278 147.838165,-40.891251 147.876083,-40.878746 147.901779,-40.863194 147.921631,-40.840836 147.933594,-40.822086 147.944138,-40.795277 147.951157,-40.761322 147.971832,-40.744789 148.01416,-40.745972 148.079407,-40.76889 148.221069,-40.84903 148.273315,-40.901108 148.307419,-40.957478 148.318863,-40.972359 148.328308,-40.995419 148.302185,-41.075562 148.290253,-41.10778 148.279846,-41.130833 148.264343,-41.167221 148.272003,-41.218468 148.313568,-41.259308 148.316925,-41.334724 148.287476,-41.423889 148.273804,-41.454166 148.280396,-41.539234 148.296356,-41.565834 148.312195,-41.591248 148.314285,-41.612919 148.292206,-41.728882 148.270966,-41.782642 148.264709,-41.814587 148.298035,-42.035004 148.311493,-42.063473 148.333984,-42.087639 148.358719,-42.108681 148.363846,-42.222427 148.346619,-42.249168 148.324554,-42.270695 148.311096,-42.277779 148.302765,-42.27639 148.275269,-42.255562 148.270813,-42.231667 148.29776,-42.206249 148.309692,-42.140556 148.238846,-41.998196 148.195267,-41.94545 148.079117,-42.117218 148.004013,-42.522499 147.958725,-42.556389 147.943848,-42.613892 147.955521,-42.666527 147.954956,-42.717499 147.924835,-42.741108 147.898865,-42.756535 147.883179,-42.772221 147.84288,-42.872917 147.856415,-42.888889 147.899796,-42.886631 147.881836,-42.857224 147.910873,-42.840832 147.974197,-42.869511 147.999695,-42.907078 148.004776,-42.976868 147.96701,-42.995449 147.951492,-43.082291 147.979126,-43.126663 148.0047,-43.170837 147.995529,-43.227589 147.970795,-43.229092 147.899414,-43.183434 147.827179,-43.206108 147.789703,-43.246948 147.697205,-43.163612 147.631622,-43.065552 147.618973,-43.017708 147.67392,-42.945133 147.706497,-42.938328 147.730789,-42.95472 147.735794,-42.978886 147.719894,-43.002499 147.759979,-43.039864 147.781784,-43.051109 147.808868,-43.054722 147.867874,-43.046528 147.899414,-43.026875 147.825806,-42.931946 147.591629,-42.826736 147.557465,-42.830559 147.502121,-42.860764 147.521362,-42.928886 147.53595,-42.949024 147.55275,-42.978954 147.525604,-43.018333 147.476624,-43.034172 147.427124,-43.04174 147.403732,-43.000072 147.423019,-42.991112 147.40802,-42.889725 147.351624,-42.861389 147.317474,-42.846664 147.348572,-42.904716 147.34079,-42.951111 147.32608,-43.008614 147.292755,-43.028053 147.268188,-43.060432 147.241913,-43.133614 147.240311,-43.155487 147.262482,-43.203888 147.263321,-43.224861 147.247452,-43.269169 147.213287,-43.285625 147.178162,-43.282223 147.098297,-43.244446 147.041351,-43.199722 147.025742,-43.181873 147.022766,-43.138332 147.01207,-43.118752 146.991287,-43.112431 146.970093,-43.137085 146.964417,-43.164162 146.964142,-43.184307 146.969269,-43.204304 146.993988,-43.223747 147.01944,-43.237778 147.061096,-43.258339 147.095337,-43.288715 147.054962,-43.362503 147.002213,-43.422638 146.952179,-43.528053 146.937469,-43.600624 146.916702,-43.617844</gml:coordinates>
                </gml:LinearRing>
              </gml:outerBoundaryIs>
            </gml:Polygon>
          </gml:polygonMember>
          <gml:polygonMember>
            <gml:Polygon>
              <gml:outerBoundaryIs>
                <gml:LinearRing>
                  <gml:coordinates xmlns:gml="http://www.opengis.net/gml" decimal="." cs="," ts=" ">143.921631,-40.136391 143.913879,-40.134727 143.886307,-40.116734 143.873566,-40.065002 143.892349,-40.054302 143.891937,-39.984722 143.885544,-39.970139 143.870514,-39.956947 143.851624,-39.945274 143.840378,-39.936802 143.834824,-39.927502 143.837738,-39.873055 143.85524,-39.711945 143.871063,-39.700279 143.899719,-39.688606 143.916656,-39.680557 143.925812,-39.674171 143.933594,-39.666946 143.941635,-39.655693 143.945526,-39.640839 143.943848,-39.628883 143.935516,-39.608612 143.931915,-39.598335 143.935455,-39.583054 143.977463,-39.573891 143.987732,-39.57695 144.066788,-39.616112 144.108582,-39.662498 144.112183,-39.673058 144.122192,-39.812218 144.122192,-39.825005 144.146454,-39.92944 144.136917,-39.984306 144.106064,-40.036392 144.008881,-40.087776 143.957733,-40.110001 143.921631,-40.136391</gml:coordinates>
                </gml:LinearRing>
              </gml:outerBoundaryIs>
            </gml:Polygon>
          </gml:polygonMember>
        </gml:MultiPolygon>
      </topp:the_geom>
      <topp:STATE>Tasmania</topp:STATE>
      <topp:COUNTRY>Australia</topp:COUNTRY>
      <topp:CURR_TYPE>Australia Dollar</topp:CURR_TYPE>
      <topp:CURR_CODE>AUD</topp:CURR_CODE>
    </topp:tasmania_state_boundaries>
  </gml:featureMember>
</wfs:FeatureCollection>
