<?xml version="1.0" encoding="UTF-8"?>
<wfs:FeatureCollection xmlns:wfs="http://www.opengis.net/wfs" xmlns:topp="http://www.openplans.org/topp" xmlns:gml="http://www.opengis.net/gml" xmlns:xsi="http://www.w3.org/2001/XMLSchema-instance" xsi:schemaLocation="http://www.openplans.org/topp http://192.168.0.100:8080/geoserver-1.4.0-RC3/wfs/DescribeFeatureType?typeName=topp:tasmania_roads http://www.opengis.net/wfs http://192.168.0.100:8080/geoserver-1.4.0-RC3/schemas/wfs/1.0.0/WFS-basic.xsd">
  <gml:boundedBy>
    <gml:Box srsName="http://www.opengis.net/gml/srs/epsg.xml#4326">
      <gml:coordinates xmlns:gml="http://www.opengis.net/gml" decimal="." cs="," ts=" ">145.19754,-43.423512 148.27298,-40.852802</gml:coordinates>
    </gml:Box>
  </gml:boundedBy>
  <gml:featureMember>
    <topp:tasmania_roads fid="tasmania_roads.1">
      <topp:the_geom>
        <gml:MultiLineString srsName="http://www.opengis.net/gml/srs/epsg.xml#4326">
          <gml:lineStringMember>
            <gml:LineString>
              <gml:coordinates xmlns:gml="http://www.opengis.net/gml" decimal="." cs="," ts=" ">146.468582,-41.241478 146.574768,-41.251186 146.640411,-41.255154 146.766129,-41.332348 146.794189,-41.34417 146.822174,-41.362988 146.863434,-41.380234 146.899521,-41.379452 146.929504,-41.378227 147.008041,-41.356079 147.098343,-41.362919</gml:coordinates>
            </gml:LineString>
          </gml:lineStringMember>
        </gml:MultiLineString>
      </topp:the_geom>
      <topp:TYPE>alley</topp:TYPE>
    </topp:tasmania_roads>
  </gml:featureMember>
  <gml:featureMember>
    <topp:tasmania_roads fid="tasmania_roads.2">
      <topp:the_geom>
        <gml:MultiLineString srsName="http://www.opengis.net/gml/srs/epsg.xml#4326">
          <gml:lineStringMember>
            <gml:LineString>
              <gml:coordinates xmlns:gml="http://www.opengis.net/gml" decimal="." cs="," ts=" ">147.098343,-41.362919 147.17305,-41.452778 147.213867,-41.503773 147.234894,-41.546661 147.251129,-41.573826 147.264664,-41.602474 147.284485,-41.617554 147.300583,-41.637878</gml:coordinates>
            </gml:LineString>
          </gml:lineStringMember>
        </gml:MultiLineString>
      </topp:the_geom>
      <topp:TYPE>highway</topp:TYPE>
    </topp:tasmania_roads>
  </gml:featureMember>
  <gml:featureMember>
    <topp:tasmania_roads fid="tasmania_roads.3">
      <topp:the_geom>
        <gml:MultiLineString srsName="http://www.opengis.net/gml/srs/epsg.xml#4326">
          <gml:lineStringMember>
            <gml:LineString>
              <gml:coordinates xmlns:gml="http://www.opengis.net/gml" decimal="." cs="," ts=" ">147.300583,-41.637878 147.225815,-41.626938 147.183319,-41.619236 147.082367,-41.577755 147.031326,-41.565205 146.961487,-41.564186 146.924545,-41.568565 146.876328,-41.569614 146.783722,-41.56073 146.684937,-41.536232 146.614258,-41.478153 146.619995,-41.423958 146.582581,-41.365482 146.52478,-41.29541 146.477493,-41.277622 146.468582,-41.241478</gml:coordinates>
            </gml:LineString>
          </gml:lineStringMember>
        </gml:MultiLineString>
      </topp:the_geom>
      <topp:TYPE>lane</topp:TYPE>
    </topp:tasmania_roads>
  </gml:featureMember>
  <gml:featureMember>
    <topp:tasmania_roads fid="tasmania_roads.4">
      <topp:the_geom>
        <gml:MultiLineString srsName="http://www.opengis.net/gml/srs/epsg.xml#4326">
          <gml:lineStringMember>
            <gml:LineString>
              <gml:coordinates xmlns:gml="http://www.opengis.net/gml" decimal="." cs="," ts=" ">147.522247,-41.859921 147.551865,-41.927834 147.597321,-42.017418 147.578644,-42.113216 147.541656,-42.217743 147.468674,-42.22662</gml:coordinates>
            </gml:LineString>
          </gml:lineStringMember>
        </gml:MultiLineString>
      </topp:the_geom>
      <topp:TYPE>highway</topp:TYPE>
    </topp:tasmania_roads>
  </gml:featureMember>
  <gml:featureMember>
    <topp:tasmania_roads fid="tasmania_roads.5">
      <topp:the_geom>
        <gml:MultiLineString srsName="http://www.opengis.net/gml/srs/epsg.xml#4326">
          <gml:lineStringMember>
            <gml:LineString>
              <gml:coordinates xmlns:gml="http://www.opengis.net/gml" decimal="." cs="," ts=" ">146.103699,-41.171677 146.303619,-41.237202 146.362228,-41.236279 146.39418,-41.245384 146.443726,-41.244308 146.468582,-41.241478</gml:coordinates>
            </gml:LineString>
          </gml:lineStringMember>
        </gml:MultiLineString>
      </topp:the_geom>
      <topp:TYPE>gravel</topp:TYPE>
    </topp:tasmania_roads>
  </gml:featureMember>
  <gml:featureMember>
    <topp:tasmania_roads fid="tasmania_roads.6">
      <topp:the_geom>
        <gml:MultiLineString srsName="http://www.opengis.net/gml/srs/epsg.xml#4326">
          <gml:lineStringMember>
            <gml:LineString>
              <gml:coordinates xmlns:gml="http://www.opengis.net/gml" decimal="." cs="," ts=" ">145.856018,-41.08007 145.944839,-41.119896 146.037994,-41.150059 146.103699,-41.171677</gml:coordinates>
            </gml:LineString>
          </gml:lineStringMember>
        </gml:MultiLineString>
      </topp:the_geom>
      <topp:TYPE>road</topp:TYPE>
    </topp:tasmania_roads>
  </gml:featureMember>
  <gml:featureMember>
    <topp:tasmania_roads fid="tasmania_roads.7">
      <topp:the_geom>
        <gml:MultiLineString srsName="http://www.opengis.net/gml/srs/epsg.xml#4326">
          <gml:lineStringMember>
            <gml:LineString>
              <gml:coordinates xmlns:gml="http://www.opengis.net/gml" decimal="." cs="," ts=" ">147.468674,-42.22662 147.474945,-42.292259 147.467697,-42.301292 147.451828,-42.341656 147.424545,-42.378723 147.366013,-42.412552 147.345779,-42.432449 147.289322,-42.476475 147.264511,-42.503899 147.259918,-42.547539 147.249405,-42.614006 147.278351,-42.693249 147.284271,-42.757759 147.256744,-42.778393</gml:coordinates>
            </gml:LineString>
          </gml:lineStringMember>
        </gml:MultiLineString>
      </topp:the_geom>
      <topp:TYPE>highway</topp:TYPE>
    </topp:tasmania_roads>
  </gml:featureMember>
  <gml:featureMember>
    <topp:tasmania_roads fid="tasmania_roads.8">
      <topp:the_geom>
        <gml:MultiLineString srsName="http://www.opengis.net/gml/srs/epsg.xml#4326">
          <gml:lineStringMember>
            <gml:LineString>
              <gml:coordinates xmlns:gml="http://www.opengis.net/gml" decimal="." cs="," ts=" ">148.249252,-41.860851 148.234436,-41.901783 148.192123,-41.93721 148.155762,-41.953667 148.127731,-41.994537 148.053131,-42.100563</gml:coordinates>
            </gml:LineString>
          </gml:lineStringMember>
        </gml:MultiLineString>
      </topp:the_geom>
      <topp:TYPE>road</topp:TYPE>
    </topp:tasmania_roads>
  </gml:featureMember>
  <gml:featureMember>
    <topp:tasmania_roads fid="tasmania_roads.9">
      <topp:the_geom>
        <gml:MultiLineString srsName="http://www.opengis.net/gml/srs/epsg.xml#4326">
          <gml:lineStringMember>
            <gml:LineString>
              <gml:coordinates xmlns:gml="http://www.opengis.net/gml" decimal="." cs="," ts=" ">145.19754,-40.878323 145.246674,-40.86021 145.293289,-40.852802 145.465225,-40.897865 145.538498,-40.936264 145.554062,-40.939201 145.602112,-40.962936 145.646362,-40.98243 145.683838,-40.989883 145.710587,-40.996201 145.744293,-41.007545 145.801956,-41.041782 145.856018,-41.08007</gml:coordinates>
            </gml:LineString>
          </gml:lineStringMember>
        </gml:MultiLineString>
      </topp:the_geom>
      <topp:TYPE>logging</topp:TYPE>
    </topp:tasmania_roads>
  </gml:featureMember>
  <gml:featureMember>
    <topp:tasmania_roads fid="tasmania_roads.10">
      <topp:the_geom>
        <gml:MultiLineString srsName="http://www.opengis.net/gml/srs/epsg.xml#4326">
          <gml:lineStringMember>
            <gml:LineString>
              <gml:coordinates xmlns:gml="http://www.opengis.net/gml" decimal="." cs="," ts=" ">147.360001,-42.91993 147.348816,-42.93726 147.285049,-42.979027 147.220886,-42.995876 147.164429,-43.027004 147.068237,-43.06319 146.96463,-43.116447 146.949554,-43.17004 146.95369,-43.209591 146.964127,-43.224545 146.975723,-43.250484 146.980759,-43.2701 146.982605,-43.287716 146.970871,-43.31691 146.940521,-43.33812 146.943054,-43.362263 146.952194,-43.39278 146.955429,-43.423512</gml:coordinates>
            </gml:LineString>
          </gml:lineStringMember>
        </gml:MultiLineString>
      </topp:the_geom>
      <topp:TYPE>road</topp:TYPE>
    </topp:tasmania_roads>
  </gml:featureMember>
  <gml:featureMember>
    <topp:tasmania_roads fid="tasmania_roads.11">
      <topp:the_geom>
        <gml:MultiLineString srsName="http://www.opengis.net/gml/srs/epsg.xml#4326">
          <gml:lineStringMember>
            <gml:LineString>
              <gml:coordinates xmlns:gml="http://www.opengis.net/gml" decimal="." cs="," ts=" ">147.300583,-41.637878 147.372009,-41.695503 147.402588,-41.725574 147.444061,-41.749676 147.490433,-41.782482 147.506866,-41.795624 147.522919,-41.835609 147.522247,-41.859921</gml:coordinates>
            </gml:LineString>
          </gml:lineStringMember>
        </gml:MultiLineString>
      </topp:the_geom>
      <topp:TYPE>highway</topp:TYPE>
    </topp:tasmania_roads>
  </gml:featureMember>
  <gml:featureMember>
    <topp:tasmania_roads fid="tasmania_roads.12">
      <topp:the_geom>
        <gml:MultiLineString srsName="http://www.opengis.net/gml/srs/epsg.xml#4326">
          <gml:lineStringMember>
            <gml:LineString>
              <gml:coordinates xmlns:gml="http://www.opengis.net/gml" decimal="." cs="," ts=" ">148.053131,-42.100563 148.028229,-42.188286 148.002258,-42.2295 147.969955,-42.254417 147.960297,-42.284897 147.942719,-42.398819 147.926407,-42.486034 147.875092,-42.538582 147.832001,-42.587299 147.744217,-42.631607 147.693298,-42.656067 147.618195,-42.691135 147.575317,-42.743092 147.578293,-42.769539 147.547852,-42.814312 147.506699,-42.842907 147.488312,-42.877041 147.449692,-42.901054 147.416809,-42.902828</gml:coordinates>
            </gml:LineString>
          </gml:lineStringMember>
        </gml:MultiLineString>
      </topp:the_geom>
      <topp:TYPE>road</topp:TYPE>
    </topp:tasmania_roads>
  </gml:featureMember>
  <gml:featureMember>
    <topp:tasmania_roads fid="tasmania_roads.13">
      <topp:the_geom>
        <gml:MultiLineString srsName="http://www.opengis.net/gml/srs/epsg.xml#4326">
          <gml:lineStringMember>
            <gml:LineString>
              <gml:coordinates xmlns:gml="http://www.opengis.net/gml" decimal="." cs="," ts=" ">147.098343,-41.362919 147.065445,-41.311977 147.024078,-41.257534 146.981445,-41.211391 146.948227,-41.181595 146.926773,-41.172501 146.905029,-41.147144 146.940765,-41.085857 146.962662,-41.075096 147.021088,-41.080925 147.099228,-41.123959 147.187607,-41.150597 147.282028,-41.104244 147.295715,-41.075798 147.306595,-41.062832 147.325745,-41.053524 147.362991,-41.080441 147.419022,-41.081764 147.465881,-41.06089 147.519302,-41.092793 147.528595,-41.137089 147.552521,-41.193565 147.594223,-41.233875 147.734406,-41.239891 147.829376,-41.196636 147.882614,-41.163197 147.91127,-41.163109 147.985168,-41.226128 148.022156,-41.292599 148.075119,-41.313915 148.200104,-41.323097 148.236191,-41.339245 148.27298,-41.383488 148.25,-41.45713 148.254395,-41.53941 148.262436,-41.585217 148.249252,-41.860851</gml:coordinates>
            </gml:LineString>
          </gml:lineStringMember>
        </gml:MultiLineString>
      </topp:the_geom>
      <topp:TYPE>road</topp:TYPE>
    </topp:tasmania_roads>
  </gml:featureMember>
  <gml:featureMember>
    <topp:tasmania_roads fid="tasmania_roads.14">
      <topp:the_geom>
        <gml:MultiLineString srsName="http://www.opengis.net/gml/srs/epsg.xml#4326">
          <gml:lineStringMember>
            <gml:LineString>
              <gml:coordinates xmlns:gml="http://www.opengis.net/gml" decimal="." cs="," ts=" ">147.256744,-42.778393 147.220184,-42.824776 147.179596,-42.82143 147.111328,-42.795731 147.057098,-42.741581 147.003479,-42.704803 146.919098,-42.622734 146.910538,-42.610928 146.889984,-42.585396 146.83844,-42.572792 146.78569,-42.539352 146.724335,-42.485966 146.695023,-42.469582 146.649872,-42.450371 146.604965,-42.432274 146.578781,-42.408531 146.539307,-42.364208 146.525055,-42.30883 146.558044,-42.275948 146.576248,-42.23777 146.581467,-42.203426 146.490005,-42.180222 146.3797,-42.146332 146.334061,-42.138741 146.270966,-42.165703 146.197296,-42.224072 146.167908,-42.244835 146.164932,-42.245171 146.111023,-42.265202 146.037476,-42.239738 145.981628,-42.187851 145.853912,-42.133492 145.819611,-42.129154 145.72052,-42.104084 145.618576,-42.056023 145.541718,-42.027241 145.486282,-41.983326 145.452744,-41.926544 145.494034,-41.896477 145.591736,-41.860214 145.64212,-41.838398 145.669449,-41.830734 145.680923,-41.795753 145.682968,-41.743221 145.675156,-41.710377 145.680115,-41.688908 145.701065,-41.648228 145.714798,-41.609509 145.629196,-41.462051 145.648895,-41.470337 145.633423,-41.420902 145.631866,-41.36528 145.640854,-41.301533 145.700424,-41.242611 145.77243,-41.193897 145.802338,-41.161488 145.856018,-41.08007</gml:coordinates>
            </gml:LineString>
          </gml:lineStringMember>
        </gml:MultiLineString>
      </topp:the_geom>
      <topp:TYPE>road</topp:TYPE>
    </topp:tasmania_roads>
  </gml:featureMember>
</wfs:FeatureCollection>
